index,sex,mstatus,age,children,occupation,education,income,avbal,avtrans,decision
1,2,2,56.82,1,6,3,3105.39,33003.48,1776.81,1
2,1,3,87.35,3,9,4,4874.08,18941.99,863.56,1
3,1,1,28.75,0,7,2,14232.37,30013.32,3231.14,3
4,2,2,35.71,0,2,1,3214.93,15423.24,1996.09,1
5,1,1,20.53,0,1,4,3214.93,15423.24,1996.09,1
6,2,2,60.39,0,7,3,2478.11,11436.23,463.68,1
7,2,2,23.07,2,6,2,19715.69,60259.76,5624.25,1
8,2,2,31.88,1,2,3,3356.69,7424.35,145.25,1
9,1,2,62.71,3,1,4,3356.69,7424.35,145.25,1
10,1,4,43.52,2,5,3,673.86,10977.69,200.38,1
11,2,2,66.15,0,9,4,2350.12,15075,1687.73,1
12,1,2,26.41,1,2,4,3983.86,13557.57,984.02,1
13,1,2,22.81,0,3,1,5167.35,19008.33,1141.05,1
14,1,4,47.2,3,3,4,5358.23,23972.95,1988.45,1
15,1,1,21.38,0,8,3,1790.78,20102.4,2204.08,1
16,2,2,40,1,7,4,7167.15,15068.04,1748.94,1
17,2,1,34.09,0,1,1,7167.15,15068.04,1748.94,1
18,1,1,25.39,0,4,4,4943.25,5899.82,1577.68,1
19,2,1,41.74,0,8,3,2869.25,15317.34,980.39,1
20,1,4,51.85,0,7,1,10274.65,26727.86,2259.59,1
21,1,2,28.38,4,5,4,5657.13,17438.08,1994.03,2
22,2,2,25.74,0,3,2,13094.17,51277.41,3747.48,1
23,2,1,28.03,0,7,1,9986.75,44775.16,2662.94,1
24,1,1,27.43,0,2,4,4121.55,19983.49,1102.11,1
25,2,2,39.95,2,6,4,3302.41,24920.76,1165.51,2
26,2,4,30.81,3,3,4,8656.88,15072.42,2290.34,1
27,1,4,45.17,1,3,1,5378.92,21331.51,2838.42,1
28,1,2,39.13,2,3,3,1262.29,21288.97,1963.87,1
29,2,1,44.43,0,8,4,7058.44,41237.96,3912.06,1
30,2,1,23.84,0,7,3,3853.06,11865.44,712.75,1
31,1,3,70.83,1,9,1,2604.68,13671.58,1026.93,1
32,1,2,61.49,4,7,3,1376.26,12145.47,1235.43,2
33,1,1,20.91,0,8,1,10622.85,25455.03,3927.36,1
34,2,2,35.31,2,7,3,1584.06,16853.17,1028.19,1
35,1,2,39.97,3,8,1,9675.09,54522.38,3774.26,2
36,1,2,23.43,1,3,4,3791.18,31456.42,1342.56,1
37,1,4,57.12,3,1,4,3791.18,31456.42,1342.56,1
38,2,4,44.77,1,1,1,3791.18,31456.42,1342.56,1
39,1,1,28,0,6,4,9956.44,30937.8,3866.72,1
40,1,1,26.9,0,7,4,5000.87,25165.38,2360.42,3
41,1,1,24.13,0,7,4,7797.77,1850.62,1311.82,1
42,2,2,41.94,2,3,1,3561.05,28721.1,3967.53,1
43,2,1,34.23,0,4,4,5011.08,39541.94,1501.54,1
44,2,1,25.93,0,5,3,1662.21,12033.74,1286.34,1
45,1,1,25.83,0,6,4,7226.4,29092.73,2682.05,1
46,1,4,32.6,3,5,3,1045.43,22064.53,1101.11,1
47,2,4,44.25,2,5,3,1645.65,9154.42,1364.2,1
48,1,2,44.65,1,4,4,5194.72,13796.11,1628.31,2
49,2,4,28.66,1,6,4,6612.07,28284.88,3669.22,3
50,1,3,56.51,1,5,4,8917.89,11595.8,1444.51,1
51,1,2,29.83,2,1,2,8917.89,11595.8,1444.51,1
52,2,2,39.76,1,7,4,5295.78,21398.78,1260.13,1
53,2,1,23.23,0,8,4,8664.08,22064.65,2269.68,3
54,1,2,36.46,2,3,4,5566.4,10965.36,3491.51,1
55,2,4,65.3,1,9,1,3328.51,10105.98,1445.43,1
56,2,1,40.12,0,2,3,2763,16595.83,294.69,1
57,1,2,58.89,2,7,4,2210.32,7543.98,1293.92,2
58,2,4,57.84,0,4,3,2500.88,5691.44,1278.66,1
59,2,2,40.83,0,3,1,8250.71,29394.42,2933.97,1
60,2,4,44.99,3,5,4,7370.43,21856.57,2041.91,1
61,1,2,31.11,1,3,2,9968.58,40680.7,4708.21,1
62,2,1,22.84,0,3,3,2161.05,13856.56,1200.11,1
63,1,4,57.07,2,7,4,4996.54,15985.3,2328.75,1
64,2,4,27.59,1,7,3,869.36,6742.84,912.21,1
65,1,2,33.18,1,8,3,2284.61,16098.74,1196.33,2
66,2,2,40.52,1,7,4,2513.18,4514.59,2096.18,2
67,1,2,48.22,2,8,4,6157.58,19623.35,3155.41,1
68,1,4,36.8,2,7,1,5187.16,23739.22,3320.07,1
69,2,1,23.39,0,3,2,12847.93,33671.32,4842.15,1
70,1,3,58.15,1,4,4,6009.9,21335.52,744.47,1
71,1,2,59.57,1,5,4,5889.16,12906.45,2054.14,1
72,2,1,31.35,0,8,4,6908.85,18864.89,3231.41,1
73,2,2,42.03,1,6,4,2357.66,21720.73,1768.79,1
74,1,2,39.98,1,2,1,7843.23,25455.76,2704.42,1
75,2,3,60.49,2,3,1,9080.6,28877.91,3018.18,1
76,2,4,43.33,2,4,4,4958.71,28646.42,1789.41,1
77,1,4,27.47,3,7,1,8361.6,45263.75,3473.89,3
78,1,4,62.99,1,3,3,802.8,18040.08,2061.85,1
79,2,2,39.32,1,8,4,7230.79,38445.33,2721.86,1
80,1,4,29.71,1,3,4,9646.94,32848.65,1905.73,3
81,1,2,39.39,0,4,4,5554.4,19919.86,1018.94,2
82,2,2,39.88,0,7,3,3154.09,16423.29,748.04,1
83,1,2,38.37,0,3,1,9390.76,13989.95,3580.26,1
84,1,2,39.79,1,5,3,579.42,16311.43,814.35,1
85,1,2,65.61,2,9,2,5351.61,37993.15,1498.5,1
86,2,1,22.11,0,2,4,5581.19,20631.73,967.65,1
87,1,1,45.63,0,1,4,5581.19,20631.73,967.65,1
88,1,1,40.44,0,3,3,1996.56,19775.39,861.81,1
89,1,2,31.41,0,4,3,2577.15,8128.83,865.83,1
90,2,2,39.78,1,6,4,6991.31,20261.34,2400.23,1
91,1,4,45.45,2,3,4,9046.3,29269.81,3420.82,1
92,2,3,57.16,3,4,4,4963.11,19252.75,2157.89,1
93,2,2,66.9,0,9,3,1927.01,5491.91,815.74,1
94,1,4,56.77,2,4,2,3680.44,24848.83,3538.4,1
95,2,1,21.77,0,4,2,9074.18,45822.57,3808.06,1
96,1,1,44.25,0,4,1,9828.13,39151.61,1585.55,1
97,1,4,43.1,1,5,3,2440.21,19562.72,1236.97,1
98,2,2,51.22,4,4,4,5259.4,19997,2231.66,1
99,1,4,57.57,0,1,3,5259.4,19997,2231.66,1
100,1,1,32.82,0,7,1,11710.38,22848.83,3276.89,1
101,2,2,53.5,1,7,4,6527.98,19557.48,746.47,2
102,1,1,28.04,0,3,3,2966.88,21066.84,1196.25,1
103,2,3,50.86,1,6,3,3146.1,8741.4,1175.31,1
104,1,2,56.94,1,4,4,4978.89,18633.57,1335.63,1
105,2,2,61.92,3,3,3,1778.85,15817.56,831.48,1
106,2,3,58.67,2,4,3,2500.62,14213.94,453,1
107,1,2,61.31,3,5,4,4670.3,22049.58,2548.68,2
108,2,2,55.76,1,1,4,4670.3,22049.58,2548.68,1
109,2,2,37.65,3,6,2,7642.11,78385.03,6008.57,1
110,2,1,44.45,0,5,1,11037.44,43257.93,2113.02,1
111,1,2,66.36,0,9,1,3875.63,20791.49,1077.71,1
112,1,2,32.7,1,1,4,3875.63,20791.49,1077.71,1
113,2,2,43.9,4,2,4,3546.13,14623.72,999.89,1
114,2,1,28.57,0,3,1,13056.93,35535.66,4908.91,1
115,2,1,24.41,0,1,3,13056.93,35535.66,4908.91,1
116,1,2,39.62,0,7,4,2463.54,1694.22,1500.08,1
117,1,2,52.79,2,4,4,4408.43,24776.96,1946.16,1
118,1,4,45.59,2,1,3,4408.43,24776.96,1946.16,1
119,2,1,27.97,0,4,1,11814.06,39759.75,1111.54,1
120,1,2,39.9,2,2,4,3455.08,19904.04,544.94,1
121,2,3,49.66,2,2,3,2992.71,11353.67,303.33,1
122,2,3,61.05,1,3,1,12020.48,47258.04,3712.02,1
123,1,1,45.85,0,8,2,12214.12,72994.93,7301.07,1
124,2,4,56.94,0,1,3,12214.12,72994.93,7301.07,1
125,1,2,37.51,1,3,3,1450.11,15996.83,735.94,1
126,1,1,26.66,0,7,2,8650.53,10467.77,3871.36,1
127,2,2,39.97,2,4,4,4906.33,20328.02,673.85,1
128,1,1,27.67,0,1,1,4906.33,20328.02,673.85,3
129,1,2,41.77,0,7,4,5849.22,28504.76,1458.2,1
130,2,3,59.71,3,3,2,10170.47,45338.34,4761.22,1
131,2,1,28.31,0,3,4,7067.84,14085.66,3020.8,1
132,2,1,35.06,0,7,3,3508.96,12346.86,437.7,1
133,2,2,58.36,1,5,4,2510.42,23947.57,1990.3,2
134,1,2,36.71,1,4,3,4030.26,2377.23,409.25,1
135,2,4,34.82,2,8,4,6701.74,16363.95,3541.74,1
136,2,1,28.77,0,3,3,2231.17,16432.66,1186.89,1
137,1,1,21.75,0,4,3,3086.05,10153.88,592.97,3
138,2,2,49.28,0,8,4,6967.26,28809.91,1473.94,1
139,1,1,21.62,0,3,4,6052.6,26303.88,2001.31,3
140,1,2,40.11,2,3,3,3295.55,11103.75,1225.06,2
141,1,2,40.06,2,7,3,2320.77,19511.52,1260.93,2
142,2,1,30.49,0,1,1,2320.77,19511.52,1260.93,1
143,1,4,46.15,2,6,4,6234.92,18363.03,3940.24,1
144,1,2,38.09,1,3,1,10279.43,14525.43,3731.24,1
145,2,2,43.42,0,3,4,6140.75,36572.83,2015.91,1
146,2,2,58.98,2,7,4,3507.01,12834.27,1958.05,2
147,2,2,50.84,0,3,1,10716.45,34888.58,3899.33,2
148,1,4,32.18,0,3,4,6118.91,24017.18,2372,1
149,2,2,39.45,1,7,3,2417.48,11452.9,271.75,2
150,1,1,25.43,0,5,3,2181.87,12695.79,1233.78,1
151,2,1,27.35,0,5,3,1211.64,14537.96,1127.08,1
152,2,3,60.08,0,4,1,8446.99,14132.2,1077.38,1
153,2,2,63.91,3,1,1,8446.99,14132.2,1077.38,2
154,2,2,34.14,2,7,1,8634.24,44913.59,2236.69,1
155,1,4,45.01,1,2,1,6764.74,12294.81,1840.94,1
156,1,4,55.07,2,1,3,6764.74,12294.81,1840.94,1
157,2,2,42.01,1,3,4,5721.88,26370.11,642.18,2
158,1,2,26.28,2,8,4,7010.4,24533.69,1329.07,1
159,2,1,26.56,0,7,1,8892.31,25245.63,2545.98,3
160,1,4,44.2,0,4,4,2256.53,20103.89,1618.65,1
161,1,2,40.81,3,1,2,2256.53,20103.89,1618.65,1
162,1,1,34.44,0,4,3,2381.57,17593.71,278.01,1
163,2,2,28.36,2,5,3,1557.8,16706.25,1236.9,1
164,1,4,64.46,3,3,4,6624.39,18540.12,1867.26,1
165,2,2,50.24,2,8,1,12275.08,28592.25,4309.14,1
166,1,4,36.74,0,4,4,7737.91,11885.22,1548.4,1
167,1,2,39.96,1,7,1,11223.81,16528.01,1250.11,1
168,2,2,32.09,2,1,3,11223.81,16528.01,1250.11,1
169,2,2,26.77,3,5,4,7828.41,24030.28,1793.85,1
170,1,3,45.64,2,6,1,11076.64,39165.49,4656.02,1
171,1,2,27.53,1,4,1,10168.13,46470.32,2624.87,2
172,2,1,26.71,0,1,3,10168.13,46470.32,2624.87,3
173,2,2,43.92,1,4,3,2545.29,8967.41,915.71,1
174,1,2,34.88,1,7,3,722.07,11707.8,843.7,1
175,2,2,58.26,1,8,4,6886.83,29094.03,1178.01,1
176,2,3,55.51,1,4,4,6855.79,16536.76,877.52,1
177,1,4,31.46,1,2,3,1989.72,11991.44,303.69,1
178,2,2,39.8,1,4,3,3742.28,14590.72,769.22,1
179,1,1,29.26,0,3,4,5998.49,11741.35,2034.94,1
180,2,3,41.66,3,5,3,2200.89,25663.49,1212.2,1
181,2,4,45,0,5,3,1463.39,16051.12,1213.22,1
182,2,2,29.26,1,1,4,1463.39,16051.12,1213.22,2
183,1,2,36.83,2,3,4,5717.02,27100.5,1031.46,1
184,2,2,30.27,3,1,3,5717.02,27100.5,1031.46,1
185,2,1,28.1,0,4,1,7999.78,13969.58,2650.37,1
186,2,2,51.61,1,1,1,7999.78,13969.58,2650.37,2
187,1,1,20.84,0,6,3,2749.09,13471.51,1863.63,1
188,1,1,27.85,0,3,3,2509.43,21737.39,1027.04,1
189,2,4,49.69,2,1,4,2509.43,21737.39,1027.04,1
190,2,4,35.64,2,4,2,10875.01,40252.13,1017.16,1
191,1,4,50.23,3,2,4,5560.42,28887.65,999.76,1
192,2,2,31.07,3,4,4,3951.12,20632.88,1478.18,2
193,1,4,66.41,3,9,4,2219.78,20866.69,1398.47,1
194,2,2,38.8,1,4,1,8081.6,19182.55,2260.06,1
195,2,2,29.01,2,5,4,7488.13,36289.03,806.72,1
196,2,3,86.8,2,9,2,4689.28,33038,1353.32,1
197,2,1,38.09,0,8,2,18900.69,50930.82,6210.63,1
198,1,2,32.84,2,5,4,3448.01,18036.78,2607.85,1
199,1,2,55.67,0,5,3,2594.06,19719.45,1660.6,1
200,1,1,23.33,0,8,4,10339.55,28237.32,1395.03,3
201,2,2,35.82,1,3,2,11144.99,33709.7,7672.02,2
202,2,2,68.66,1,9,1,2999.64,20974.84,1270.29,1
203,1,2,43.13,0,4,1,8045.89,21474.17,1800.08,1
204,2,4,73.3,2,9,4,4378.06,14914.94,1372.8,1
205,2,2,26.39,1,7,3,1535.98,12060.32,796.67,2
206,1,1,28.74,0,5,4,4295.75,19601.9,792.41,1
207,1,2,26.64,3,8,3,508.1,14406.19,1713.48,1
208,1,2,39.98,3,7,4,2248.96,20332.04,1651.66,1
209,2,2,30.18,3,1,1,2248.96,20332.04,1651.66,1
210,1,1,27.69,0,4,3,2082.23,17948.54,982.88,1
211,2,1,21.99,0,6,4,9465.08,17810.63,2466.62,3
212,2,1,21.23,0,7,4,7253.39,8782.71,1781.74,1
213,2,2,22.09,1,5,3,1500.4,21697.37,1862.66,1
214,1,2,24.35,0,8,3,2600.58,17139.96,2255.63,2
215,2,2,29.22,3,3,1,11316.8,34265.83,3322.55,1
216,2,2,41.34,2,5,4,5331.59,34455.95,1429.28,1
217,2,1,42.45,0,2,1,3206.45,32625.71,2199.25,1
218,1,1,26.52,0,5,4,8686.04,11643.91,2039.02,3
219,2,4,28.94,0,5,4,9185.92,23511,1782.03,1
220,1,2,38.32,4,3,3,2834.5,13840.58,1621.68,2
221,2,2,64.08,0,4,4,3532.75,24530.75,1575.74,1
222,2,2,64.38,4,1,4,3532.75,24530.75,1575.74,1
223,1,1,27.01,0,3,4,6845.55,24968.19,2027,1
224,2,2,31.78,0,7,3,1487.43,12210.94,952.73,2
225,1,1,39.76,0,4,4,4331.79,24014.18,1500.92,1
226,2,2,41.04,1,7,3,3826.66,19680.21,752.83,1
227,2,2,40.29,0,3,1,5914.94,19348.1,3012.47,1
228,2,1,28.24,0,2,3,1991.69,4492.65,303.23,1
229,2,4,63.93,0,8,2,11960.26,61138.6,6896.69,1
230,1,3,85.45,3,9,4,2532.79,15022.52,842.1,1
231,1,2,37.02,2,4,3,2120.58,14361.43,838.99,1
232,1,2,40.39,2,6,3,3621.7,17251.08,1817.26,1
233,1,3,44.81,2,4,4,5658.75,19880.98,2343.09,1
234,2,1,38.03,0,3,1,7109.13,29609.07,3001.48,1
235,1,3,62.13,2,2,4,3993.99,21914.89,1784.22,1
236,2,3,79.38,2,9,3,1440.97,9955.54,1124.78,1
237,2,3,80.8,0,9,1,4001.88,28406.52,1328.02,1
238,2,1,23.36,0,1,1,4001.88,28406.52,1328.02,1
239,2,2,40.37,2,1,4,4001.88,28406.52,1328.02,2
240,1,2,31.98,1,7,3,3880.48,11596.28,211.76,1
241,2,1,28.25,0,3,4,4995.42,24000.3,1621.18,1
242,1,1,30.89,0,6,4,7551.81,22593.02,2691.9,1
243,1,4,69.94,1,9,4,4437.68,21442.62,473.72,1
244,1,1,44.81,0,5,1,9134.84,47529.84,3537.32,1
245,2,1,31.29,0,4,4,5416.61,20017.6,2437.66,1
246,1,2,47.35,2,7,4,2866.3,18821,1161.29,2
247,1,3,65.3,1,9,1,2767.03,10176.98,1795.02,1
248,2,2,54.5,2,5,3,1391.94,18549.12,1724.06,1
249,1,3,43.35,0,3,3,1662.56,14508.79,1197.35,1
250,1,4,47.78,0,8,1,9390.82,17968.03,2414.97,1
251,1,2,38.65,1,2,3,1996.59,18509.98,475.83,2
252,2,2,28.9,0,7,4,6966.33,21990.4,2153.95,1
253,1,2,39.86,0,7,2,6084.82,42728.23,5584.11,1
254,1,2,28.13,4,8,3,3821.92,21615.32,823.58,1
255,1,1,44.6,0,5,1,13794.92,13342.87,3221.08,1
256,2,4,38.99,3,7,3,1770.34,20869.3,926.4,1
257,2,2,38.52,2,5,3,1525.86,16513.18,1277.17,1
258,2,1,28.32,0,3,1,9067.76,40767.69,3553.09,1
259,2,2,48.01,2,7,4,5584.26,20010.4,1482.22,1
260,2,2,55.78,2,1,4,5584.26,20010.4,1482.22,2
261,2,4,57.43,3,4,3,3149.69,12134.08,795.49,1
262,2,4,45.16,2,4,1,7311.08,18248.45,3152.17,1
263,1,1,24.62,0,7,3,2333.57,9458.71,295.89,1
264,1,2,44.42,3,6,1,16074.76,38266.96,3526.25,2
265,2,2,58.6,1,3,4,7307.93,20024.65,2774.01,1
266,2,2,38.95,2,5,4,5981.44,27497.47,1459.83,2
267,2,4,27.56,2,4,1,2536.2,25039.67,3442.84,1
268,1,2,40.01,2,8,3,3233.24,20215.56,1121.44,2
269,1,2,23.99,3,1,2,3233.24,20215.56,1121.44,1
270,2,4,45.87,2,3,4,6179.19,21269.47,1503.78,1
271,1,2,30.84,0,4,3,1941.58,15737.93,215.52,1
272,2,3,65.63,2,9,1,4009.99,10476.27,509.94,1
273,2,4,44.97,3,3,4,6695,20729.48,2259.65,1
274,2,1,32.22,0,7,3,2980.29,12719.64,893.49,1
275,1,2,50.55,2,3,1,6265.25,36320.75,3731.41,2
276,2,3,50.42,1,1,4,6265.25,36320.75,3731.41,1
277,2,1,35.89,0,7,4,2212.73,11873.57,1080.16,1
278,2,2,37.98,4,4,3,1181.14,19858.82,823.23,1
279,1,2,50.27,2,5,1,12644.42,17608.87,3388.32,1
280,2,1,26.22,0,1,1,12644.42,17608.87,3388.32,3
281,2,2,28.46,2,6,3,3647.41,25342.83,2610.19,1
282,2,1,43.63,0,2,3,1268.31,14855.89,684,1
283,2,2,46.83,4,3,4,5715.3,10225.96,1579.61,1
284,2,3,74.28,1,9,3,1445.29,11096.25,820.81,1
285,1,4,65.7,1,9,4,4642.65,12208.85,1339.7,1
286,1,1,45.27,0,4,4,5406.25,15012.63,1084.38,1
287,1,4,42.84,0,7,4,6321.12,19969.13,1572.46,1
288,2,2,40.07,1,4,4,2627.26,19714.35,1404.2,2
289,2,2,69.09,1,9,3,1932.81,9124.46,781.4,2
290,1,2,36.25,0,8,3,2126.57,9519.55,1788.15,2
291,1,3,44.25,3,7,3,4497.39,12198.9,881.98,1
292,2,2,59.34,2,5,4,5897.32,30069.58,724.83,2
293,1,3,62.99,2,6,4,2804.96,31031.11,2590.77,1
294,1,4,62.22,2,4,3,2488.64,10866.6,968.54,1
295,1,1,20.46,0,6,1,7573.42,27623.04,4959.68,3
296,2,3,85.5,1,9,4,2570.37,16876.54,400.03,1
297,1,4,66.09,0,9,3,534.9,7015.03,788.32,1
298,2,2,67.67,3,9,1,3972.5,19529.2,1445.9,2
299,2,2,69.84,3,9,1,3073.23,33108.03,424.79,2
300,2,1,42.04,0,4,3,2141.49,18951.46,795.97,1
301,1,2,50.59,0,7,4,3085.8,35105.37,891.45,1
302,2,2,58.67,2,5,3,2461.32,11150.49,1260.11,1
303,2,3,53.6,1,2,4,3337.16,28301.52,1257.7,1
304,1,1,28.58,0,5,4,7339.9,13364.08,1591.63,3
305,2,3,70.46,2,9,1,5797.28,33672.38,519.92,1
306,2,1,23.56,0,5,1,5704.32,17544.8,3000.02,1
307,2,2,40,2,7,4,4247.5,20500.39,1443.43,2
308,1,4,41.63,2,7,4,5588.66,16456.78,1150.25,1
309,1,3,50.85,4,7,1,9310.84,25973.99,2505.14,1
310,2,2,42.4,0,4,4,5188.82,20342.63,1445.37,1
311,2,2,63.48,2,6,1,9463.68,17361.7,3999.6,1
312,1,2,46.15,2,6,3,2729.69,18324.89,2709.47,1
313,2,1,35.34,0,4,4,5452.64,5402.37,2343.84,1
314,2,2,49.66,1,5,1,7505.61,46430.14,2997.21,1
315,1,3,57.88,1,8,3,5382.84,21458.64,1585.45,1
316,2,2,39.01,2,1,4,5382.84,21458.64,1585.45,1
317,2,1,43.1,0,1,3,5382.84,21458.64,1585.45,1
318,2,1,27.59,0,4,4,7485.82,21420.86,2433.15,1
319,1,1,24.41,0,1,4,7485.82,21420.86,2433.15,1
320,2,1,27.98,0,4,2,8888.45,51543.76,1953.44,1
321,2,2,23.88,1,6,2,12039.95,51404.59,3137.56,1
322,2,2,38.36,2,4,3,3303.45,8427.29,1217.02,1
323,1,4,39.76,4,5,4,7747.57,21820.13,2569.67,1
324,2,2,67.02,0,9,4,2161.14,15849.68,1348.57,2
325,1,2,39.63,1,7,4,7793.29,20860.62,1468.64,2
326,2,1,20.73,0,5,3,2948.88,12580.51,721.98,1
327,1,2,32.03,3,5,1,9066.49,32186.72,2999.98,1
328,1,3,89.91,2,9,4,3830.58,16578.83,1259.18,1
329,1,2,39.04,2,1,1,3830.58,16578.83,1259.18,2
330,1,2,68.51,1,9,4,4215.06,4563.31,1651.31,2
331,2,2,38.74,0,7,4,5024.36,25499.6,1074.15,1
332,1,2,42.07,1,7,4,5637.61,36424.14,989.58,2
333,1,1,32.64,0,7,4,3837.49,22595.95,1480.21,1
334,2,2,50.11,1,3,3,843.07,16185.91,445.06,2
335,2,2,55.2,1,5,3,1583.69,16304.24,659.55,1
336,2,4,27.37,4,5,3,1987.63,15818.82,1099.65,1
337,1,3,58.83,2,3,3,2864.27,7819.02,650.9,1
338,1,2,39.95,4,6,1,8882.35,40293.11,5939.93,1
339,1,1,33.3,0,5,3,2138.89,22048.03,265.22,1
340,1,1,20.94,0,3,3,2014.88,8745.38,1850.98,1
341,1,4,47.09,2,1,3,2014.88,8745.38,1850.98,1
342,2,2,34.21,1,6,4,8891.85,42118.33,2018.23,2
343,2,2,49.38,0,1,3,8891.85,42118.33,2018.23,2
344,2,4,65.66,1,9,3,872.52,9633.83,708.01,1
345,2,4,53.49,0,6,1,10167.85,30890.61,5220.9,1
346,2,2,59.56,2,5,3,1738.57,16035.35,1301.17,1
347,1,1,35.89,0,7,1,3777.18,25017.73,2498.86,1
348,2,2,37.94,2,1,2,3777.18,25017.73,2498.86,2
349,1,2,39.63,0,3,2,12048.15,34593.71,7299.56,1
350,1,1,29.44,0,1,2,12048.15,34593.71,7299.56,1
351,2,1,27.79,0,7,3,3197.57,11993.19,1374.47,1
352,2,2,32.96,2,5,4,7467.59,34680.22,1984.68,1
353,1,1,23.21,0,4,1,2987.97,42676.55,2496.35,1
354,2,1,33.99,0,7,3,3052.68,12092.85,851.02,1
355,2,2,50.18,0,3,3,511.38,7457.52,1153.44,1
356,2,2,41.31,2,1,3,511.38,7457.52,1153.44,1
357,2,4,38.84,1,3,1,9518.87,14494.98,1667.17,1
358,1,2,48.96,0,1,4,9518.87,14494.98,1667.17,2
359,2,4,70.1,1,9,3,1833.28,16831.52,924.95,1
360,2,4,37.96,2,4,4,7573.87,7463.45,582.86,1
361,2,2,37.81,0,7,4,6670.27,25640.38,527.66,1
362,1,4,62.28,3,1,4,6670.27,25640.38,527.66,1
363,1,2,25.93,2,5,4,4985.57,10973.46,2729.26,2
364,2,2,48.21,1,1,4,4985.57,10973.46,2729.26,2
365,1,2,28.07,0,4,4,5002.68,12144.19,2225.71,1
366,2,2,35.48,1,7,3,3356.19,8739.98,294.13,1
367,1,2,39.2,3,7,1,2889.19,12049.87,2636.81,1
368,1,4,45.01,3,3,4,8859.35,15480.89,1845.23,1
369,2,1,26.23,0,7,4,4951.78,26957.78,761.54,1
370,2,2,35.93,2,7,4,3124.31,17124.01,867.15,2
371,1,2,38.63,2,5,4,6307.21,25866.39,716.93,2
372,2,3,55.1,1,6,4,6710.38,27755.88,1209.6,1
373,1,4,69.66,0,9,1,5657.63,25986.84,1349.48,1
374,1,1,18.05,0,1,4,5657.63,25986.84,1349.48,1
375,2,2,38.33,0,5,3,1708.38,15048.69,480.3,1
376,2,3,81.56,2,9,4,3960.11,15056.3,679.79,1
377,2,4,71.72,1,9,4,2836.73,7133.06,243.67,1
378,2,1,47.55,0,7,4,7760.13,13585.9,1608.84,1
379,2,2,37.95,2,7,4,6338.04,33152.18,1795.56,2
380,1,2,39.2,2,5,4,6021.57,29708.62,2023.66,2
381,1,3,59.76,2,3,1,7019.95,12112.66,3000.81,1
382,2,4,38.53,1,1,4,7019.95,12112.66,3000.81,1
383,2,2,59.65,0,5,4,3420.04,24980.83,3009.88,1
384,2,4,42.3,1,3,1,4630.31,28998.11,3166.05,1
385,2,4,26.6,1,4,3,1804.89,10185.35,687.71,1
386,1,1,43.98,0,7,2,4856.72,29800.92,3829.94,1
387,2,1,40.55,0,6,4,7035.51,44155.93,3188.92,1
388,1,1,47.89,0,7,3,1426.36,4914.78,1328.45,1
389,1,2,49.97,3,3,4,6182.02,35875.1,1303.76,1
390,2,1,45.12,0,4,3,2441.51,14167.96,924.49,1
391,1,2,59.58,0,2,3,2973.54,3234.87,1017.62,1
392,2,2,44.07,2,3,3,767.75,11850.44,1325.96,1
393,1,2,37.71,0,6,3,3216.32,7789.15,1319.78,1
394,1,2,43.64,2,7,3,1926.66,14675,1185.01,1
395,1,1,25.99,0,2,2,11239.19,55977.79,4318.37,1
396,1,1,27.74,0,1,1,11239.19,55977.79,4318.37,3
397,2,2,40.87,2,6,3,2884.27,10959.44,1065.22,1
398,1,2,44.59,2,2,2,6724.33,30160.66,3153.15,1
399,2,1,24.72,0,1,4,6724.33,30160.66,3153.15,1
400,1,1,19.69,0,3,4,5937.34,25586.27,1342.67,1
401,1,3,57.03,0,4,4,4441.41,1590.23,748.14,1
402,2,2,30.93,2,4,4,4180.72,8735.23,1499.7,2
403,2,2,39.52,2,4,3,4166.72,15307.29,236.68,2
404,2,4,32.59,1,5,4,4906.49,23105.66,1834.93,1
405,2,1,22.22,0,4,1,5636.37,25011.36,2535.67,1
406,1,4,47.06,1,3,3,1257.84,19956.19,425.87,1
407,2,2,39.96,3,5,3,2253.39,13349.16,777.23,2
408,2,4,47.29,4,2,1,3900.43,15212.5,883,1
409,2,2,40.26,1,5,3,3286.1,18494.87,1221.27,1
410,2,1,28,0,4,3,1843.91,4531.9,1208.46,1
411,1,2,57.46,1,6,3,4661.25,23557.58,1737.89,1
412,2,4,42.3,3,6,4,6728.16,31189.5,3695.57,1
413,2,2,40,0,5,1,10653.49,30033.14,4103.15,1
414,2,4,50.04,1,7,4,5298.03,33920.4,1500.14,1
415,2,4,51.41,1,5,3,3434.82,17621.82,1209.87,1
416,1,1,41.63,0,3,3,1282,15890.52,1446.68,1
417,1,1,20,0,5,4,6776.93,32781.6,2804.99,1
418,1,2,25.31,2,5,3,2015.87,14953.83,1199.88,1
419,2,2,40.15,1,4,1,7538.49,4638.31,1880.18,1
420,1,4,47.2,2,3,3,2360.47,13504.55,2195.52,1
421,2,2,49.11,2,3,4,9219.76,28814.28,1230.7,2
422,1,2,32.64,1,6,4,10283.55,30008.13,1748.56,2
423,1,1,18.13,0,2,4,2349.42,9989.01,1007.41,1
424,2,1,34.08,0,5,4,3995.66,16378.48,2116.76,1
425,2,1,36.11,0,7,4,6934.92,26534.28,1434.66,1
426,1,1,45.81,0,5,3,1743.26,14885.43,1206.65,1
427,2,4,41.38,4,7,1,7996.04,35515.14,2094.92,1
428,2,4,66.65,1,9,1,4425.45,29600.36,1122.1,1
429,2,2,37.75,3,2,3,2044.98,13226.12,181.69,1
430,1,1,27.22,0,4,4,4706.28,20140.35,1368.86,1
431,2,1,27.96,0,4,4,7295.89,25399.72,1505.92,1
432,2,4,44.79,1,3,3,1093.26,17643.79,1357.15,1
433,1,4,59.06,2,2,3,1539.08,21834.78,776.93,1
434,1,1,24.35,0,7,3,2048.54,11285.16,978.51,1
435,2,4,41.92,2,4,1,2500.22,16570.72,2739.64,1
436,2,4,72.92,2,9,1,5358.66,10731.84,1063.16,1
437,2,4,48.5,0,1,1,5358.66,10731.84,1063.16,1
438,1,4,46.27,0,7,4,5797.69,36154.76,1410.4,1
439,2,1,29.83,0,4,1,7797.2,25054.15,3970.1,1
440,1,3,79.78,0,9,4,3667.55,15010.56,665.02,1
441,1,1,21.53,0,5,4,9941.92,18677.31,2009.22,1
442,2,4,41.65,0,2,4,3176.8,20000.59,780.2,1
443,2,1,45.23,0,4,1,6684.38,27636.88,3950.75,1
444,2,1,23.55,0,6,3,3000.36,26802.91,929.53,1
445,1,3,59.71,2,2,3,2647.72,12061.22,84.43,1
446,1,4,41.72,2,4,4,2485.13,23438.27,1462.45,1
447,1,2,32.63,4,3,3,1730.58,16511.9,1851.99,1
448,2,4,27.43,2,2,3,2035.53,11471.68,439.72,1
449,2,2,56.83,1,3,3,2371.89,21955.26,1614.6,1
450,2,2,33.35,1,6,4,4437.66,19844.82,2489.46,2
451,2,1,25.82,0,3,4,2350.48,26244.81,2214.36,1
452,2,2,59.96,0,3,4,7351.53,33034.05,674.53,1
453,1,4,43.19,0,4,4,4449.75,22624.1,1274.35,1
454,1,4,41.15,0,3,3,738.95,15779.52,1382.27,1
455,2,2,51.92,1,2,1,4892.6,25482.14,2894.78,2
456,1,2,36.28,1,2,3,1591,10211.59,916.71,1
457,2,2,51.17,0,5,1,9308.28,30079.84,1885.25,1
458,1,1,27.51,0,7,4,6062.1,20560.95,1295.14,1
459,2,2,28.16,1,6,4,2880.85,29718.85,2538.6,2
460,1,2,68.16,0,9,3,1951.32,2700.51,765.54,1
461,2,1,34,0,3,4,7185.3,23265.02,1103.85,1
462,2,1,44.57,0,7,3,1674.91,14522.72,488.82,1
463,2,2,36.81,2,7,4,5223.23,19613.9,2069.82,1
464,1,2,30.86,3,7,4,4975.3,17166.43,1169.43,1
465,2,1,41.86,0,3,1,3652.92,30785.56,3152.84,1
466,1,1,32.12,0,5,4,6000.39,24503.51,787.1,1
467,2,2,38.82,2,3,2,12786.15,33769.61,2758.88,1
468,1,2,55.76,1,4,1,13393.43,3794.19,2492.07,1
469,2,1,27.94,0,5,3,2987.61,13622.4,547.52,1
470,1,1,47.48,0,7,3,1138.75,6919.85,341.5,1
471,2,4,64.89,2,7,3,1791.56,11295.41,799.94,1
472,1,3,58.66,0,4,4,5006.93,10404.44,1448.95,1
473,2,1,28.03,0,5,4,6163.24,11725.56,2001.96,3
474,1,4,31.26,1,7,2,3514.06,55554.49,3809.98,1
475,2,3,58.72,1,5,2,7700.25,45038.76,2355.94,1
476,1,4,67.84,2,9,1,2625.81,20696.63,867.35,1
477,1,1,27.05,0,3,3,2374.29,16314.95,746.54,1
478,1,2,38.76,2,3,2,16070.13,49844.14,4705.1,1
479,1,4,42.64,2,4,4,6406.75,39372.53,1783.25,1
480,1,4,45.32,1,8,4,10719.57,29524.05,2074.57,1
481,1,1,23.65,0,7,3,1121.06,12028.5,1285.31,1
482,2,4,71.11,0,9,4,3261.51,12437.5,1138.77,1
483,2,2,30.46,0,4,1,8210.81,13904.08,2881.68,2
484,2,2,43.98,2,6,3,3165.79,8494.17,1903.63,1
485,2,1,20.28,0,6,4,6781.92,21991.83,2884,3
486,2,2,26.86,2,2,4,2109.48,19095.84,1103.11,1
487,1,3,51.84,2,2,4,5959.18,4796.45,1720.6,1
488,1,2,35.5,0,5,1,13632.16,39115.7,1235.37,1
489,1,2,40.83,0,3,4,4203.52,17934.65,1215.02,1
490,1,1,25.53,0,5,3,1990.25,17078.56,1141.5,1
491,1,4,34.9,0,4,3,2564.85,18698.4,768.51,1
492,1,4,57.09,1,3,1,12961.14,29922.37,1981.44,1
493,1,1,40.81,0,2,4,3907.75,19774.9,1484.8,1
494,1,2,67.7,2,9,4,3500.03,15629.71,361.46,1
495,1,2,38.96,3,3,3,1926.55,15713.06,875.48,2
496,1,2,45.42,4,1,2,1926.55,15713.06,875.48,2
497,2,1,28.01,0,6,3,2312.22,16175.42,1226.34,1
498,1,4,59.35,1,7,4,7478.17,4814.42,2436.66,1
499,2,1,23.14,0,2,3,1793.76,16597.95,595.33,3
500,2,1,25.05,0,3,3,2569.11,18864.38,724.63,1
501,2,4,52.36,2,4,2,11524.54,20139.88,6080.2,1
502,2,2,52.27,0,8,2,11564.12,60286.61,4299.58,1
503,2,2,39.84,3,3,4,4421.93,28299.57,2460.58,1
504,1,3,45.28,4,6,4,7000.99,19806.22,2508.43,1
505,2,2,36.61,0,3,3,661.03,18118.42,2003.13,1
506,1,2,20.2,0,1,4,661.03,18118.42,2003.13,1
507,2,4,47.56,3,3,1,8414.09,41495.14,2999.48,1
508,2,1,28.17,0,2,4,4007.31,15915.4,1159.84,1
509,1,1,27.84,0,4,4,3327.88,5597.75,1518.82,1
510,2,1,32.37,0,3,4,2588.95,15714.75,3062.53,1
511,2,1,25.82,0,3,1,7689.36,33416.4,1990.2,1
512,2,2,33.64,0,2,4,3473.84,19627.13,206.98,1
513,1,1,39.5,0,5,4,7128.14,26372.59,2004.44,1
514,1,1,23.73,0,4,4,4964.64,33168.59,1383.66,1
515,2,1,40.04,0,3,4,6009.25,22844.52,1212.4,1
516,1,1,25.08,0,7,1,9923.55,15604.72,2390.99,3
517,2,2,54.59,2,7,3,1086.68,12004.37,1325.86,1
518,1,2,32.14,0,1,2,1086.68,12004.37,1325.86,1
519,1,4,28.32,2,4,3,2545.87,16096.29,669.68,1
520,2,2,38.67,2,3,4,6010.26,24031.64,1818.17,1
521,1,1,28.51,0,6,4,6886.37,29409.99,2183.31,1
522,2,2,39.94,0,7,4,2422.48,19799.41,671.26,1
523,2,4,72.76,3,9,3,1720.76,9972.16,507.67,1
524,2,4,65.93,1,9,3,369.52,11737.27,501.45,1
525,1,2,37.34,2,7,4,5386.55,36293.6,2308.35,1
526,2,3,63.37,1,3,1,8904.19,42256.39,3002.36,1
527,1,1,20.06,0,3,4,2431.12,26988.85,2345.84,1
528,2,2,67.27,0,9,3,849.11,9750.49,808.63,1
529,2,4,37.47,1,2,2,2280.32,36550.24,4633.44,1
530,2,2,39.88,1,3,3,1669.85,21423.57,1399.68,1
531,2,2,31.23,2,2,3,2642.01,19508.46,966.06,2
532,2,2,63.52,3,4,3,2723.4,21821.02,1324.28,1
533,1,2,24.03,1,5,3,668.36,8383.41,1290.08,2
534,2,2,31.49,0,3,1,6800.7,44445.76,4463.2,1
535,2,3,81.65,1,9,4,3500,23900.27,1053.77,1
536,2,1,27.66,0,3,3,3496.41,25664.44,1258.45,3
537,1,4,56.74,2,1,3,3496.41,25664.44,1258.45,1
538,1,2,39.47,3,1,2,3496.41,25664.44,1258.45,1
539,2,1,47.27,0,1,3,3496.41,25664.44,1258.45,1
540,1,3,74.32,2,9,1,5635.27,29054.95,1202.14,1
541,2,1,22.18,0,5,3,1978.39,24109.96,1201.7,1
542,1,1,28.09,0,4,3,4328.09,17795.27,476.61,3
543,1,1,28,0,3,4,3490.7,23951.87,2029.82,1
544,1,4,49.02,2,3,4,2103.48,18577.7,995.2,1
545,2,4,33.37,1,8,3,782.64,15740.16,2098.98,1
546,1,2,53.59,3,4,3,2973.28,12826.05,947.26,2
547,1,2,59.33,1,8,1,5827.99,51649.47,5181,1
548,2,2,40,0,3,3,1927.54,8991.29,1003.8,1
549,2,4,59.63,3,3,1,12837.16,15063.45,3669.4,1
550,2,2,42.64,1,4,4,6464.9,20359.66,724.33,1
551,2,1,47.58,0,4,4,2772.29,37824.75,1302.39,1
552,1,2,45.57,0,6,4,7436.51,29997.64,2585.14,1
553,2,1,23.23,0,7,1,8593.5,25264.35,1916.31,1
554,1,2,32.28,2,7,4,3558.33,19216.65,713.24,2
555,2,2,61.78,2,4,3,2573.98,12465.27,673.91,2
556,2,4,26.02,4,5,1,7491.84,32860.11,3965.97,1
557,2,4,43.12,2,2,2,8206.02,13127.97,3001.39,1
558,1,4,37.27,3,7,2,16029.98,6796.77,5218.89,1
559,1,4,28.27,1,3,4,8350.2,37003.44,1985.23,1
560,1,2,39.54,0,7,4,4309.54,7927.33,1483.46,2
561,2,4,25.4,0,7,1,9358.84,22671.85,2623.8,1
562,2,2,64.84,1,2,2,7233.79,41562.61,2924.97,2
563,2,1,21.01,0,4,2,11982.47,53421.89,1783.68,3
564,2,1,31.34,0,5,1,9092.44,17367.56,3472.77,1
565,2,3,83.39,3,9,1,4534.29,18716.42,890.08,1
566,2,1,19.48,0,7,4,5784.71,17111.17,2196.83,1
567,1,2,49.75,1,4,4,2964.94,29658.66,673.27,1
568,1,2,39.52,2,7,3,2219.61,16136.1,280.08,2
569,2,1,28,0,1,3,2219.61,16136.1,280.08,1
570,1,2,40.87,1,1,3,2219.61,16136.1,280.08,1
571,2,2,29.26,1,5,3,1980.27,12651.33,1287.25,1
572,1,4,48.92,2,5,2,10970.75,33154.26,6616.19,1
573,2,4,32.66,0,5,1,7297.42,46047.68,4702.1,1
574,2,4,45.12,4,3,4,4701.98,19347.37,2230.32,1
575,1,4,38.5,0,5,3,2145.01,25493.3,1536.71,1
576,1,4,73.59,1,9,4,3435.89,12174.21,863.93,1
577,1,2,40,1,4,3,3466.81,10199.24,239.32,1
578,2,1,27.52,0,7,4,5001.26,19843.27,1535.52,1
579,2,2,40.02,0,7,3,3157.55,12058.29,281.39,1
580,2,4,37.37,3,3,4,6633.34,16885.31,3406.88,1
581,1,1,18.86,0,7,4,2863.63,19999.31,1954.86,1
582,1,2,65.63,2,9,4,2622.6,15668.92,330.88,1
583,2,4,28.05,3,4,1,7708.39,19249.76,2485.03,3
584,2,4,55.56,1,4,3,3241.13,11092.16,799.95,1
585,2,1,39.2,0,6,3,3094.49,8101.6,1704.52,1
586,2,2,41.41,2,4,4,7892.99,8815.18,1638.76,1
587,1,3,60,2,4,4,4606.89,25168.39,560.9,1
588,2,3,77.2,1,9,4,4851.14,23010.71,1765.31,1
589,2,2,39.15,2,7,1,8191.96,25443.89,3700.28,1
590,2,2,43.03,2,4,3,619.15,2872.72,1216.9,2
591,2,4,51.02,1,2,1,4356.52,33630.3,913.01,1
592,2,3,65.19,0,9,3,781.87,17593.72,652.56,1
593,2,1,20.05,0,3,3,1756.45,7872.09,1199.28,3
594,1,1,46.44,0,8,1,7119.24,33107.69,4774.8,1
595,2,3,59.72,2,2,2,7999.92,44733.84,3010.56,1
596,1,1,28,0,4,2,10121.36,46721.65,3037.19,1
597,2,2,31.68,1,7,3,2730.97,15406.86,830.33,1
598,1,4,44.99,2,4,3,1028.85,9153.72,1082.24,1
599,2,1,37.35,0,7,3,2368.34,6049.24,1076.91,1
600,1,2,49.01,1,2,3,756.7,6730.93,45.76,1
601,1,1,32.81,0,3,3,3361.07,15616.08,2119.05,1
602,2,1,44.21,0,4,3,2418.01,12000.81,582.9,1
603,2,2,35.56,2,1,4,2418.01,12000.81,582.9,2
604,2,4,36.61,1,4,3,1534.41,12415.32,804.11,1
605,1,1,23.23,0,4,1,8675.55,10094.5,2773.25,1
606,2,2,49.03,2,6,4,7440.09,30042.31,2085.96,2
607,1,1,28.07,0,3,3,565.66,15456.75,1865,1
608,2,2,39.04,0,5,4,8156.1,33611.17,1846.41,1
609,2,2,26.46,0,3,1,4282.88,19819.25,1930.6,1
610,1,2,66.64,0,9,3,2282.95,9194.57,456.02,1
611,2,2,41.87,0,3,3,1025.4,16198.76,937.61,1
612,2,2,41.21,0,7,4,5008.93,22921.57,1181.78,1
613,1,2,63.06,2,7,3,3620.18,12329.6,820.9,2
614,1,2,39.74,1,1,3,3620.18,12329.6,820.9,1
615,2,2,50.07,0,7,4,5324.57,21972.23,1471.24,1
616,2,2,37.61,4,6,4,5396.38,12431.43,991.05,1
617,1,1,41.8,0,2,4,4017.73,19989.3,947.94,1
618,1,2,20,3,4,3,4162.98,11377.4,744.48,1
619,1,2,26.66,1,2,4,3913,22076.67,1668.99,1
620,1,1,20.93,0,4,1,9983.88,24035.64,2787.52,1
621,1,1,19.33,0,2,3,3401.64,14374.65,69.49,1
622,2,4,68.35,3,9,2,7723.52,19855.56,1013.21,1
623,1,1,30.81,0,4,3,1001.33,12018.35,209.87,1
624,2,3,56.01,1,2,4,4140.42,5780.7,1724.59,1
625,2,4,30.45,1,5,4,5358.98,22221.96,2416.88,1
626,1,2,35.05,2,3,4,5295.53,22866.75,2174.63,2
627,1,1,25.63,0,6,4,11887.31,22585.61,3944.5,1
628,1,3,69.61,0,9,4,2842.85,15448.78,1147.37,1
629,1,3,59.83,0,7,3,2528.92,11847.88,770.2,1
630,2,3,70.02,0,9,1,2446.3,33356.61,1240.91,1
631,1,2,25.64,2,8,2,9756.36,55843.17,5122.79,2
632,2,2,39.18,2,2,2,9691.79,24948.8,949.69,1
633,2,4,64.73,1,4,2,12942.22,54919.07,1174.71,1
634,1,2,59.45,2,3,1,10426.73,29460.48,1042.93,1
635,2,2,39.27,2,5,3,933.69,12302.49,1303.04,1
636,1,2,42.51,2,6,3,2574.35,20220.65,828.49,1
637,2,2,38.11,2,1,3,2574.35,20220.65,828.49,1
638,2,4,45,2,4,2,15886.74,28400.25,1851.32,1
639,2,2,28.15,1,3,4,2746.5,18205.65,3559.71,1
640,1,4,25.17,2,3,4,5477.83,22224.64,2056.67,1
641,2,2,51.94,2,3,1,9198.67,33090.32,4961.85,1
642,2,4,69.45,2,9,4,2441.06,14987.41,331.35,1
643,2,2,37.92,2,3,1,10073.63,30795.74,3754.96,1
644,1,2,52.4,1,4,4,6161.74,21338.27,1551.74,1
645,2,2,69.15,1,9,3,1499.97,10697.22,1354.99,1
646,2,2,46.69,3,6,1,7174.52,51443.33,4874.25,1
647,2,1,47.75,0,5,4,6708.68,36184.38,2603.56,1
648,1,1,38.14,0,2,4,3943.67,20422.36,1799.87,1
649,1,4,34.95,1,3,3,1767,14617.1,2123.25,1
650,2,2,35.77,0,7,3,2861.86,12341.95,1379.41,2
651,2,2,45.48,1,3,3,1283.11,21000.74,1087.18,1
652,1,1,25.1,0,8,4,6179.39,25919.54,2536.51,3
653,1,1,47.58,0,5,3,1935.72,15992.69,556.6,1
654,1,2,42.16,1,5,4,4561.4,15692.33,1999.36,1
655,2,1,20.56,0,5,2,15454.28,25290.38,4972.15,1
656,1,4,36.16,1,6,3,4137.5,7285.46,1989.59,1
657,2,4,72.44,2,9,4,2137.24,12522.51,807.41,1
658,2,4,40.02,2,8,3,2892.27,12045.38,1589.89,1
659,1,4,61.14,1,5,1,14926.46,23191.1,2926.1,1
660,2,4,52.02,0,3,4,2968.22,21291.19,1369.14,1
661,2,1,39.89,0,2,4,3882.51,23513.36,1145.44,1
662,1,1,27.24,0,7,4,6232.86,8496.6,2021.78,1
663,1,2,35.22,1,4,3,2490.72,17113.91,284.02,1
664,1,1,27.89,0,6,2,14736.21,34852.12,6082.29,1
665,2,2,37.44,2,6,4,9218.1,29720.99,3913.3,2
666,2,4,47.95,1,8,4,11306.48,45672.71,3306.97,1
667,2,3,58.66,0,3,4,6324.61,25830.71,2448.04,1
668,2,2,22.62,1,7,1,6014.61,25244.07,2162.57,1
669,1,1,39.87,0,6,4,6993.92,18298.91,3138.53,1
670,1,2,45.33,2,4,1,11164.85,46632.5,2541.4,1
671,1,2,38.35,0,7,3,2162.07,8888.64,808.41,1
672,1,4,43.03,1,5,1,8884.88,17975.16,4191.64,1
673,1,2,26.59,0,6,3,2464.51,20019.82,1554.69,1
674,2,4,43.57,0,1,3,2464.51,20019.82,1554.69,1
675,2,4,59.44,1,6,1,8477.8,45466.29,5885.52,1
676,2,2,41.27,2,1,1,8477.8,45466.29,5885.52,2
677,1,2,36.86,0,4,3,2612.11,20001.14,570.54,1
678,2,1,29.99,0,6,3,1120.04,24809.72,1848.08,1
679,2,1,25.72,0,2,3,1110.37,12435.17,955.8,1
680,2,2,69.59,0,9,3,1288.69,5364,825.7,1
681,2,1,18.92,0,4,4,5071.84,1312.35,1290.1,1
682,1,2,48.64,1,7,4,3078.33,16267.37,1496.39,1
683,2,4,67.8,1,9,4,4233.5,21090.72,1054.93,1
684,1,2,29.59,1,1,4,4233.5,21090.72,1054.93,1
685,1,1,35.73,0,3,3,1741.13,14491.1,1045.64,1
686,1,4,51.91,2,5,3,1601.79,15974.7,805.82,1
687,1,2,40,1,7,1,5843.79,35709.73,2616.6,1
688,1,2,48.56,0,7,1,4772.7,27022.71,2540.78,1
689,2,2,40.17,0,3,3,1102.49,15841.46,1209.34,2
690,1,1,27.84,0,2,3,2661.86,5622.38,532.2,1
691,2,1,25.89,0,7,2,13205.43,15820.11,6857.32,1
692,1,3,78.21,1,9,3,1457.01,10017.72,1085.73,1
693,2,2,34.16,1,5,4,7219.35,12122.14,2029.55,2
694,1,4,56.92,2,5,4,4981.25,22089.9,1953.66,1
695,1,1,27.91,0,4,3,2244.02,10163.05,505.16,1
696,1,2,48.47,0,7,4,5471.97,814.95,2038.46,1
697,1,2,35.34,0,3,4,4296.81,23993.14,3295.92,1
698,1,3,59.99,1,2,1,7425.96,32669.19,1111.86,1
699,1,2,34.96,2,3,3,2605.72,8699.05,530.08,1
700,1,2,58.69,0,1,3,2605.72,8699.05,530.08,2
701,1,4,66.73,2,9,4,3713.81,26866.04,782.02,1
702,2,1,42.45,0,6,4,2865.8,42792.8,2724.65,1
703,2,1,33.52,0,7,4,5007.86,23172.09,2174.52,1
704,2,1,28.53,0,5,3,1839.69,8402.53,1383.09,1
705,2,2,31.86,0,4,3,2570.25,4004.41,1135.59,1
706,2,1,26.79,0,4,3,953.11,19712.34,789.36,1
707,2,3,72.76,3,9,1,3493.57,18993.73,1197.26,1
708,2,2,20.13,1,5,3,1427.85,19632.56,949.35,1
709,2,2,40.02,1,7,4,4961.27,3663.28,1493.18,1
710,1,3,60.02,0,7,4,4092.82,12359.94,1530.55,1
711,1,1,31.46,0,3,4,8266.15,12433.17,1768.08,1
712,1,4,31.98,2,3,3,3250.2,7661.93,966.24,1
713,1,2,30.24,0,7,2,10797.6,43840.12,2832.01,1
714,2,4,72.47,2,9,3,991.15,6977.61,485.29,1
715,2,1,26.55,0,1,3,991.15,6977.61,485.29,1
716,1,2,25.34,3,3,4,3735.53,12715.07,3315.75,1
717,2,4,45.57,0,7,3,3107.78,6307.33,804.89,1
718,2,4,55.84,0,6,3,3179.27,26469.3,1071.26,1
719,1,1,47.41,0,3,1,3285.71,19993.33,3407.56,1
720,1,4,43.06,2,3,1,5475.49,15278.83,3728.35,1
721,1,1,45.13,0,7,4,5767.09,20150.48,987.14,1
722,2,2,39.69,2,6,4,2721.66,28354.99,1185.04,2
723,1,2,34.93,1,4,1,9979.31,26134.38,2065.62,1
724,1,2,41.02,1,6,3,3803.47,20596.94,1690.89,1
725,2,4,74.79,1,9,4,2620.07,15527.9,1129.35,1
726,1,2,56.38,1,4,4,4988.09,22007.77,1495.21,2
727,1,3,53.2,0,4,1,8219.18,3917.26,3754.81,1
728,1,2,27.89,1,2,4,3728.02,34551.76,1792.58,2
729,1,1,28,0,2,4,3470.55,16974.69,1080.62,1
730,2,1,27.96,0,8,3,4879.99,6268.61,2323.3,1
731,1,1,28,0,4,3,4092.2,10312.22,1027.52,1
732,1,2,24.84,2,2,1,8578.81,40964.26,1154.56,1
733,2,2,40.29,0,4,4,6680,9360.44,1524.87,1
734,2,2,46.24,2,5,1,9920.57,31883.49,3014.12,2
735,1,2,39.85,2,5,4,2702.8,25967.57,2444.53,1
736,1,1,39.05,0,3,4,8783.51,30179.66,1292.94,1
737,1,2,36.18,2,3,3,1393.84,18977.67,2164.65,1
738,2,4,37.84,1,5,1,5661.21,47751.32,3000.84,1
739,2,2,67.78,1,9,4,3087.85,23905.9,1590.28,1
740,1,2,39.99,2,7,3,2535.76,20452.82,1338.44,1
741,1,1,34.21,0,7,3,2827.91,15320.42,914.79,1
742,2,2,45.32,2,3,3,1369.85,17973.6,1442.15,1
743,1,3,61.93,1,4,4,5010.56,20885.41,2227.87,1
744,1,2,40.28,2,4,4,4282.43,30037.17,753.6,2
745,1,1,27.18,0,7,3,2047.22,13802.91,795.24,1
746,1,2,26.6,1,4,3,1074.31,9183.26,371.26,2
747,2,4,40.66,2,3,4,7276.48,22529.93,2305,1
748,2,4,57.29,2,4,4,4995.33,26083.81,1597.76,1
749,2,1,24.83,0,1,4,4995.33,26083.81,1597.76,1
750,2,2,30.93,0,1,4,4995.33,26083.81,1597.76,1
751,2,1,27.66,0,3,4,3011.28,24418.57,3522.56,1
752,2,1,19.96,0,5,3,586.86,15931.03,1567.66,1
753,1,2,40.91,0,3,1,8981.14,30580.62,2276.43,1
754,2,1,45.32,0,2,4,5814.55,30931.06,1411.33,1
755,2,2,33.04,2,4,4,4831.08,33431.8,1581.59,1
756,1,4,36.29,0,4,3,3009.45,2229.96,795.18,1
757,2,1,21.82,0,7,1,4473.74,17458.64,3858.5,3
758,1,1,38.41,0,4,3,4074.19,10546.53,1213.83,1
759,2,2,37.61,1,6,2,4147.2,57314.44,8138.31,2
760,2,2,34.21,1,4,4,4977.13,22598.72,1499.69,2
761,1,2,35.35,0,7,3,2495.95,10314.84,941.49,2
762,2,4,65.01,2,9,4,3099.61,4686.96,916.3,1
763,2,1,39.86,0,2,1,5978.99,23022.9,2377.78,1
764,1,1,24.32,0,2,4,4313.99,20201.45,697.24,1
765,2,2,26.73,2,5,1,10538.86,29376.14,4191.19,2
766,1,1,26.81,0,6,4,5297.12,29895.86,2482.71,3
767,2,4,44.88,0,3,2,12715.7,17442.26,4972.58,1
768,2,2,67.1,1,9,4,2326.82,14908.37,1210.98,1
769,2,1,28.01,0,7,3,2047.26,8016.6,828.01,1
770,2,4,66.82,1,9,2,5387.15,35500.66,1506.26,1
771,2,2,24.94,0,5,4,9489.81,25158.06,1859.45,2
772,2,2,22.43,2,3,3,1258.07,8635.55,1809.69,2
773,2,2,39.82,2,3,4,7216.15,36748.76,2759.79,1
774,1,1,36.27,0,4,2,10187.55,47354.33,5338.71,1
775,1,3,59.97,1,2,4,2621.31,20286.26,493.89,1
776,1,2,37.83,2,8,4,6911.05,27441.06,3315.73,1
777,2,4,66.53,0,9,4,4247.35,13332.38,1735.79,1
778,1,2,45.18,3,4,2,4440.64,18615.07,5440.42,1
779,2,4,56.69,0,5,4,4200.32,20587.99,556.05,1
780,2,1,24.41,0,1,4,4200.32,20587.99,556.05,1
781,1,2,35.65,0,8,4,7085.18,32249.38,2389.03,1
782,1,1,25.83,0,3,2,10777.86,18021.58,6514.19,1
783,2,4,49.55,1,7,3,591.14,11233.95,1043.65,1
784,1,2,36.61,2,6,1,13452.37,38738.27,4325.51,2
785,1,2,24.11,2,5,3,2374.71,21143.15,702.15,2
786,2,3,62.6,1,7,4,4996.87,26322.34,1427.11,1
787,1,1,27.85,0,4,3,3837.58,11528.44,926.63,1
788,1,2,48.1,1,8,3,592.85,22844.59,1931.55,2
789,1,2,36.28,4,1,1,592.85,22844.59,1931.55,1
790,2,4,70.67,1,9,4,3320.92,14239.21,984.07,1
791,1,3,59.92,0,5,3,1797.91,23114.5,1548.9,1
792,2,4,44.18,2,4,1,7611.07,19088.76,3066.3,1
793,1,1,26.59,0,7,2,10358.03,25939.39,6537.16,3
794,1,2,40.01,2,3,3,2581.99,16908.08,1215.64,1
795,1,1,28.04,0,3,4,3141.35,36605.62,1870.51,1
796,1,4,46.98,0,7,3,3463.28,20150.46,248.52,1
797,2,4,44.82,1,4,3,1779.11,11999.6,703.67,1
798,2,1,26.59,0,2,4,6211.77,2184,1301.12,1
799,2,2,40.04,2,3,3,664.5,15280.47,1111.38,2
800,1,4,38.89,2,5,1,9464.5,29814.91,1154.4,1
801,1,2,25.13,2,8,1,9599.25,58129.53,2420.35,1
802,2,3,59.59,1,3,3,1968.71,19248.22,1724.96,1
803,1,2,45.04,3,3,2,9288.05,28036.63,4662.6,2
804,1,1,39.45,0,5,4,2821.16,35354.49,491.95,1
805,2,2,39.71,2,4,3,1564.97,21047.94,1253.96,2
806,1,4,49.74,2,3,4,5453.65,35356.57,2002.43,1
807,2,1,24.42,0,6,4,11936.89,38085.24,1634.73,3
808,1,3,58.26,2,7,1,8080.11,26315.83,2788.69,1
809,2,2,47.91,1,4,1,7987.51,9525.69,3545.08,1
810,2,4,41.38,0,4,4,5467.24,28814.65,1583.41,1
811,2,1,25.66,0,4,2,9994.61,51896.75,3851.1,1
812,2,1,28,0,4,3,684.95,12000.74,1082.56,1
813,2,1,30.66,0,7,3,530.51,7588.84,227.39,1
814,2,2,49.52,2,7,4,5376.51,27389.08,1150.8,1
815,2,1,26.23,0,1,2,5376.51,27389.08,1150.8,1
816,2,4,44.72,3,3,4,8372.52,28836.43,1949.38,1
817,1,3,61.79,0,6,4,7747.59,41349.2,2711.29,1
818,2,4,53.72,2,5,4,6183.15,25756.82,730.38,1
819,1,1,27.98,0,5,4,4861.62,23835.17,776.03,1
820,1,2,68.78,1,9,4,3873.03,13757.19,1305.14,1
821,1,1,27.94,0,1,2,3873.03,13757.19,1305.14,1
822,2,4,49.04,0,7,3,2405.53,6160.56,1306.44,1
823,1,2,39.8,1,6,4,6496.27,29977.98,2885.32,1
824,2,2,40.08,3,3,3,3089.44,18566.5,1412.62,2
825,2,1,27.95,0,4,1,7847.95,27513.68,2731.16,3
826,2,2,37.47,1,7,2,9999.45,25235.03,2261.93,1
827,1,4,68.41,2,9,3,1504.19,11625.56,792.12,1
828,1,1,27.87,0,2,3,2803,18091.39,391.03,3
829,2,1,42.63,0,1,4,2803,18091.39,391.03,1
830,2,1,28.25,0,2,4,3884.28,33656.69,578.24,1
831,1,4,47.04,0,6,3,5078.44,22162.69,922.89,1
832,1,1,29.76,0,3,3,2995.17,17383.45,1861.02,1
833,2,1,32.82,0,8,4,8737.79,29421.79,1404.45,1
834,1,2,36.26,2,2,4,3923.37,35158.51,1012.62,1
835,2,2,29.04,0,5,4,9620.29,27409.37,2176.26,2
836,2,4,30.98,0,5,3,1562.65,14878.11,498.59,1
837,2,2,65.91,0,9,3,1432.13,14981.29,701.59,1
838,2,2,40.17,0,3,4,4014.03,32592.7,2298.18,1
839,1,2,24.83,0,4,4,2768.89,5250.13,1852.5,1
840,2,3,59.99,2,8,4,6463.95,38496.93,2368.3,1
841,1,1,40.96,0,8,1,15018.77,45120.77,4387.11,1
842,2,1,24.08,0,3,3,660.22,24755.34,1077.46,1
843,1,4,43.51,1,3,3,1082.44,15019.49,999.19,1
844,1,2,42.59,4,6,4,6993.89,27727.11,2029.39,1
845,1,2,26.59,2,3,4,8602.03,17002.21,2037.79,1
846,1,2,34.23,0,2,1,7722.27,12825.17,1486.38,1
847,1,4,39.51,3,3,1,5361.2,41902.21,3893.53,1
848,2,1,19.98,0,3,3,2272.71,14287.3,1150.97,1
849,2,1,27.97,0,4,1,7361.66,28364.91,1954.94,1
850,1,2,55.58,2,3,3,2821.57,16220.6,1058.39,1
851,1,1,25.53,0,7,4,2051.9,24212.14,1735.98,3
852,2,2,31.73,2,6,2,6936.42,74441.97,4713.93,2
853,2,2,51.65,0,7,2,8948.02,15226.9,1718.37,1
854,1,2,40.69,1,1,3,8948.02,15226.9,1718.37,2
855,1,4,44.73,0,5,4,7247.5,22575.66,828.11,1
856,2,4,44.86,1,6,3,1915.08,19382.89,2011.31,1
857,1,1,32.48,0,3,1,7258.44,38175.67,3227.52,1
858,2,4,41.38,0,5,4,9339,12144.04,1479.12,1
859,1,3,60.04,1,3,1,6016.4,38781.4,2869.1,1
860,1,2,31.57,3,3,2,14243.42,46115.76,4169.93,2
861,2,4,43.16,2,6,4,4838.32,30628.38,2200.88,1
862,2,1,19.16,0,5,4,7089.73,24045.95,2340.77,1
863,2,1,26.78,0,7,3,2753.22,18800.92,413.78,1
864,1,4,29.68,2,7,1,10241.25,24121.35,2439.98,1
865,2,3,71.75,0,9,4,2330.11,18009.39,793.74,1
866,2,2,34.62,1,5,3,1899.2,16227.06,702.96,1
867,1,2,39.73,1,6,1,9971.1,46357.07,4771.25,2
868,2,2,47.5,1,4,1,8354.8,11994.68,1507.29,1
869,2,4,33.72,1,3,4,5225.92,33494.77,1759.23,1
870,2,1,20.05,0,1,2,5225.92,33494.77,1759.23,1
871,1,1,31.38,0,8,3,2993.83,12321.45,1200.47,1
872,1,1,27.41,0,4,1,9833.36,11026.02,2303.25,1
873,1,2,68.84,1,9,4,3509.98,23594.99,948.18,2
874,1,1,30.62,0,3,2,7188.77,50727.42,2278.04,1
875,1,1,25.22,0,7,2,15150.67,48139.58,6678.19,1
876,2,2,64.65,0,5,4,5999.94,19611.86,2509.22,1
877,2,2,51.15,1,8,4,8477.07,22760.84,1016.21,2
878,1,2,44.36,2,3,1,7459.63,24365.05,2999.64,1
879,2,2,39.36,2,7,3,1175.9,12520.68,956.84,1
880,2,4,49.47,0,4,1,8099.53,25169.78,2488.36,1
881,1,2,65.09,1,9,1,2585.46,29592.53,815.53,1
882,2,2,69.43,0,9,1,4203.1,20957.13,1200.68,1
883,2,2,53.99,3,5,3,1094.51,20597.15,956.35,1
884,2,2,29.13,1,3,4,6111.69,16563.68,1184.51,1
885,2,2,35.86,4,3,2,5814.34,38954.72,3396.35,1
886,1,1,34.91,0,3,2,10808.41,39125.43,5739.28,1
887,2,3,62.1,1,7,4,5493.41,24729.65,2159.55,1
888,2,2,65.52,2,9,1,4009.23,20013.48,1811.16,1
889,2,1,33.56,0,7,2,10856.17,8872.69,4148.52,1
890,1,1,26.91,0,4,3,1522.26,10931.53,1162.29,1
891,2,4,44.22,1,7,4,2043.2,31491.39,2401.3,1
892,2,2,32.67,2,7,4,4974.5,25767.69,612.52,1
893,1,1,42.44,0,3,4,7914.49,24004.22,1451.04,1
894,2,2,37.58,1,4,3,2555.1,9076.67,883.13,1
895,1,1,40.84,0,8,3,3022.15,19926.25,1798.34,1
896,1,1,42.05,0,1,3,3022.15,19926.25,1798.34,1
897,2,2,46.89,2,3,3,2753.35,17511,1263.74,1
898,1,2,60.44,0,4,4,4455.39,20460.67,1324.95,1
899,1,2,47.54,2,7,3,3404.6,10350.68,594.02,2
900,2,2,55.98,2,8,4,6923.76,22465.76,2259.66,1
901,2,2,38.99,1,6,3,987.21,12483.21,1416.69,2
902,1,2,35.62,2,5,1,8719.34,45789.94,3134.8,1
903,1,1,35.43,0,3,4,5997.88,37382.28,1446.81,1
904,2,4,42.65,2,3,1,8979.81,17330.58,2291.6,1
905,2,2,31.28,2,1,3,8979.81,17330.58,2291.6,2
906,2,2,50.13,2,4,4,2601.39,27161.11,1472.24,2
907,1,1,30.93,0,2,4,4018.73,21433.63,929.56,1
908,1,3,60.12,1,3,3,1875.26,19448.39,1183.67,1
909,1,2,57.12,1,6,4,11915.06,31091.86,3770.24,1
910,2,3,48.39,1,3,3,1683.62,16039.74,1016.57,1
911,2,1,25.77,0,3,3,2058.16,16096.06,2063.76,1
912,2,2,36.61,2,4,3,2710.7,11500.63,215.42,2
913,2,2,38.18,0,3,2,8056.97,33921.23,4120.25,1
914,2,4,69.84,1,9,3,465.49,10452.61,841.13,1
915,1,1,31.73,0,7,4,5230.52,20233.27,679.47,1
916,2,1,37.65,0,5,4,3563.27,34287.13,2247.84,1
917,2,2,68.91,0,9,3,1710.87,15704.78,331.91,1
918,2,3,68.85,3,9,4,2869.38,14723.89,994.85,1
919,2,2,39.45,0,1,4,2869.38,14723.89,994.85,1
920,2,2,23.64,3,1,3,2869.38,14723.89,994.85,1
921,2,1,35.58,0,3,4,6222.71,16219.16,2331.09,1
922,1,2,54.98,1,7,4,4470.57,5062.34,1732.38,1
923,2,3,70.66,0,9,1,5163.77,8018.26,1079.94,1
924,2,1,22.37,0,4,3,1405.43,5966.49,401,1
925,1,4,47.8,0,2,3,864.33,3960.82,589.42,1
926,1,4,69.45,2,9,3,453.2,11051,410.66,1
927,1,1,19.42,0,4,4,5765.46,26466.66,1394.72,1
928,1,2,35.85,2,3,4,4800.78,16256.68,1194.17,1
929,2,2,40.35,3,4,3,2508.6,4032.28,711.69,2
930,1,2,52.64,2,5,4,2247.32,15230.28,934.93,1
931,2,4,64.11,1,3,4,5271.01,18932.41,3413.28,1
932,2,2,41.64,0,2,1,8762.33,14752.59,1487.77,1
933,2,2,51.6,1,1,3,8762.33,14752.59,1487.77,2
934,2,2,36.42,2,2,3,2223.88,13187.61,836.24,1
935,2,3,78.11,1,9,3,1301.5,15776.72,1100.96,1
936,2,3,74.04,3,9,1,3503.07,26654.02,1158.92,1
937,2,2,26.09,2,3,4,7415.44,24067.8,2215.54,2
938,2,4,45.82,0,6,3,703.6,20535.04,2585.65,1
939,2,4,55.73,2,6,3,1818.49,13067.32,1433.77,1
940,1,2,22.16,2,5,1,8212.69,40886.35,3029.8,2
941,1,4,42.68,1,3,4,7114.04,22848.03,1904.5,1
942,2,2,44.92,1,2,1,3135.45,12064.45,3092.13,1
943,1,2,49.42,3,3,1,9004.81,36040.94,2204.53,1
944,2,2,47.65,1,5,3,1471.6,17708.14,774,2
945,2,3,42.47,2,7,4,5091.2,9689.83,1273.81,1
946,2,1,43.44,0,2,1,7578.07,29778.37,1781.79,1
947,2,3,41.53,2,4,2,9992.22,45693.93,3760.8,1
948,2,1,47.14,0,3,3,688.16,9527.63,1334.82,1
949,2,1,22.37,0,7,3,3095.72,11810.51,550.17,1
950,2,1,27.56,0,5,3,1803.87,10155.93,2048.41,1
951,2,1,31.69,0,4,4,2526.79,35832.65,1716.39,1
952,1,4,56.88,0,5,4,6000.13,27015.19,2434.6,1
953,1,1,28.86,0,1,2,6000.13,27015.19,2434.6,1
954,2,3,63.38,0,2,3,2250.01,16508.32,859.39,1
955,2,4,57.22,0,7,3,2847.56,17110.17,851.85,1
956,1,1,27.84,0,7,2,12355.92,40883.6,2952.64,1
957,1,2,41.43,1,3,4,5958.31,23352.22,3053.5,1
958,2,2,42.09,1,8,3,2926.77,21391.2,1002.58,1
959,2,3,59.95,3,3,4,5099.66,29388.88,758.57,1
960,1,1,20.2,0,8,4,3506.84,27505.16,3778.29,1
961,1,1,18.71,0,4,4,4871.11,23144.83,1121.04,3
962,1,1,29.54,0,4,4,5303.54,26236.1,1322.16,1
963,2,2,46.62,1,8,4,3914.73,20661.76,2954.27,2
964,2,2,63.23,0,2,4,3954.57,21542.61,837.34,2
965,1,4,60.78,3,3,3,1031.51,16002.24,2043.92,1
966,1,1,24.71,0,3,4,2607.09,29870.55,432.46,1
967,2,2,40.2,3,3,4,5990.74,35978.05,1419.39,2
968,1,1,26.73,0,8,4,7057.44,21252.9,4023.97,1
969,1,4,63.63,0,2,3,1975.08,10945.61,497.65,1
970,1,3,53.2,3,3,1,8903.41,30416.77,2915.53,1
971,1,1,27.63,0,7,3,2497.75,16218.84,457.62,1
972,2,2,22.19,1,4,3,2479.72,11729.49,802,1
973,2,2,52.02,0,5,3,889.98,19738.64,1201.9,1
974,2,4,33.61,1,4,4,6068.6,5378.2,984.01,1
975,2,1,28.72,0,2,1,3440.76,25877.84,1113.6,1
976,1,2,20.06,2,5,1,14649.94,41026.37,1215.07,2
977,2,1,21.5,0,4,3,1031.38,7913.75,886.57,1
978,2,2,51.88,0,8,1,9863.69,59435.66,2484.09,2
979,1,3,60.17,3,2,4,5886.44,13902.8,945.28,1
980,1,1,37.32,0,6,3,3165.87,10009.49,1165.61,1
981,2,2,40.03,1,7,1,11411.53,24844.95,1173.63,1
982,2,1,23.67,0,4,1,9211.97,25957.57,2595.54,3
983,2,1,23.83,0,4,3,3535.71,16250.07,290.77,3
984,2,4,44.83,4,4,2,6434.98,10797.75,3713.02,1
985,2,1,34.5,0,3,1,9302.75,19956.82,2997.42,1
986,2,1,23.08,0,8,1,9998.06,41793.7,3878.02,1
987,2,4,38.21,2,5,3,586.61,18404.74,1580.6,1
988,1,1,35.71,0,7,2,10133.49,49954.49,3796.31,1
989,2,2,51.4,2,7,1,2692.48,20954.73,2516.79,1
990,1,2,25.79,0,1,3,2692.48,20954.73,2516.79,2
991,1,1,20.5,0,1,3,2692.48,20954.73,2516.79,1
992,1,1,27.49,0,7,1,4899.43,26342.31,2994.99,1
993,2,2,22.13,1,5,4,3085.8,16657.99,1899.98,2
994,1,4,41.86,1,7,4,4555.28,39739.32,1969.29,1
995,1,1,23.43,0,8,4,11244.15,29928.04,2289.49,3
996,2,4,47.56,0,7,2,11143.41,17825.67,3742.27,1
997,2,3,56.46,1,7,3,1049.13,16875.92,507.29,1
998,1,2,42.04,0,7,3,3377.81,14205.2,652.55,1
999,1,3,72.92,1,9,3,1694.83,8837.19,1342.45,1
1000,1,1,27.03,0,3,4,4106.89,37121.38,1307.05,1
